job_id,skill_id
1,25
1,58
1,136
1,139
1,178
1,193
1,204
1,223
1,325
1,326
2,251
2,266
3,74
3,118
3,119
3,183
3,192
4,10
4,15
4,47
4,114
4,182
4,253
4,267
4,322
5,46
5,126
5,211
5,212
5,254
5,281
6,23
6,234
6,271
6,334
6,336
7,45
7,144
7,202
7,297
7,298
7,324
7,337
8,99
8,106
8,111
8,112
8,113
8,333
9,154
10,78
10,93
10,124
10,246
11,17
11,134
11,330
11,332
12,19
12,43
12,214
12,216
12,218
12,219
12,220
12,221
12,250
13,70
13,132
13,133
13,314
13,317
13,339
14,152
14,217
15,278
15,279
16,151
16,228
16,237
16,273
16,341
17,128
17,292
17,293
17,320
18,310
19,2
19,4
19,6
19,122
19,138
19,161
20,290
20,296
21,14
21,16
21,154
21,172
22,169
22,208
22,209
22,210
22,255
22,263
22,264
22,265
22,270
23,284
23,285
23,286
23,287
24,145
24,198
24,268
24,282
24,283
25,44
25,73
25,183
25,316
26,73
26,93
26,183
26,192
27,205
27,245
27,276
27,277
28,175
28,284
28,286
29,48
29,140
29,181
29,195
29,242
30,160
31,197
31,323
32,36
32,37
32,68
32,200
32,239
33,175
33,284
33,286
33,293
34,81
34,124
34,201
34,224
34,230
35,72
35,73
35,203
35,241
36,55
36,93
36,95
36,110
36,111
36,257
36,260
36,288
36,313
36,333
37,80
37,82
37,90
37,124
37,131
37,142
37,157
37,232
37,256
37,280
38,14
38,16
38,154
38,196
39,83
39,292
39,293
40,73
40,93
40,246
40,316
41,86
41,289
41,318
41,344
42,95
42,117
42,159
42,215
42,236
42,315
44,14
44,16
44,154
44,253
45,134
45,330
45,331
45,332
46,99
46,213
47,35
47,93
47,99
47,217
47,340
48,26
48,41
48,104
48,107
48,170
48,180
48,227
48,234
48,249
48,321
49,3
49,5
49,8
49,34
50,49
50,50
50,53
50,79
50,154
50,196
51,109
51,123
51,302
51,303
51,305
51,306
51,307
51,308
51,309
52,92
52,93
52,95
52,117
52,121
52,130
53,25
53,146
53,147
53,154
54,12
54,93
54,99
54,293
55,9
55,38
55,59
55,128
55,149
55,150
55,175
55,207
55,243
55,293
56,56
56,120
56,135
56,176
56,177
56,301
57,128
57,129
58,60
58,128
58,172
58,207
58,293
58,294
58,295
58,319
59,16
59,168
59,247
59,248
60,330
61,24
61,136
61,139
61,166
61,223
62,44
62,156
62,184
62,188
62,189
62,190
62,191
63,102
63,222
63,258
63,261
63,312
64,29
64,40
64,71
64,105
64,108
64,125
64,171
64,231
64,235
64,269
65,28
65,101
65,136
65,137
65,143
65,179
65,233
65,234
65,271
65,321
66,91
66,94
66,158
66,275
66,315
67,96
68,76
68,99
68,217
68,244
69,21
69,64
69,85
69,97
69,103
69,115
69,127
69,141
69,167
69,174
69,199
70,274
71,175
71,284
71,286
71,293
72,13
72,329
72,330
72,331
72,332
73,17
73,134
73,330
73,331
74,300
74,335
74,336
74,338
75,32
75,72
75,73
75,241
76,12
76,75
76,100
76,217
77,1
77,13
77,63
77,67
77,330
77,332
78,33
78,128
78,207
78,293
79,54
79,61
79,62
79,84
79,148
79,162
79,163
79,311
80,14
80,154
80,167
80,327
81,14
81,154
81,167
81,196
82,128
82,175
82,207
82,293
83,39
83,57
83,226
83,259
83,262
84,22
84,194
84,252
84,299
85,18
85,88
85,116
85,185
85,225
86,3
86,5
86,7
86,8
87,20
87,30
87,31
87,42
87,43
87,65
87,66
87,69
87,153
87,238
88,16
88,82
88,87
88,154
89,16
89,82
89,154
89,247
89,291
90,77
90,124
90,229
91,89
91,164
91,165
91,179
92,17
92,134
92,330
92,331
93,84
93,186
93,187
93,304
94,11
94,172
94,173
94,292
94,333
95,48
95,51
95,52
95,196
95,328
96,14
96,16
96,154
96,291
97,284
97,293
97,342
97,343
98,13
98,17
98,127
98,330
99,175
99,284
99,286
99,293
100,154
100,330
100,332
101,27
101,36
101,98
101,155
101,206
101,240
101,272
